,0
0,6.4
1,7.9
2,2.6
3,15.2
4,6.5
5,24.7
6,11.2
7,8.4
8,8.7
9,2.8
10,4.3
11,14.3
12,17.3
13,14.0
14,7.0
15,6.4
16,13.9
17,8.2
18,3.0
19,13.7
20,1.9
21,4.5
22,10.5
23,5.3
24,4.1
25,13.6
26,16.7
27,4.0
28,21.5
29,45.9
30,12.1
31,2.7
32,6.5
33,13.8
34,13.3
35,20.6
36,15.4
37,8.6
38,5.5
39,12.1
40,10.5
41,14.5
42,13.9
43,6.7
44,18.4
45,5.1
46,3.5
47,11.2
48,18.4
49,8.7
50,13.8
51,1.8
52,13.9
53,1.9
54,9.9
55,14.5
56,5.2
57,7.7
58,8.2
59,4.3
60,31.7
61,7.4
62,18.0
63,8.4
64,7.8
65,4.6
66,9.2
67,29.8
68,17.9
69,24.7
70,5.9
71,6.5
72,10.5
73,13.4
74,10.7
75,9.7
76,6.3
77,7.9
78,12.0
79,11.4
80,6.4
81,10.5
82,21.5
83,11.4
84,11.2
85,14.7
86,20.0
87,4.3
88,6.4
89,6.1
90,13.4
91,11.2
92,20.8
93,5.1
94,10.9
95,12.0
96,18.4
97,9.9
98,10.1
99,7.5
100,18.4
101,11.8
102,13.9
103,5.6
104,14.2
105,5.4
106,16.1
107,3.0
108,12.9
109,16.7
110,10.7
111,9.2
112,35.2
113,11.8
114,3.5
115,8.2
116,22.7
117,17.9
118,11.2
119,12.8
120,11.2
121,12.1
122,13.8
123,2.6
124,17.2
125,6.9
126,11.2
127,7.9
128,8.4
129,8.9
130,7.3
131,10.1
132,29.8
133,4.3
134,10.5
135,4.6
136,4.3
137,10.3
138,11.8
139,20.5
140,4.6
141,17.9
142,10.4
143,7.5
144,11.2
145,11.8
146,11.0
147,5.4
148,11.2
149,12.0
150,7.7
151,7.5
152,11.2
153,10.1
154,9.0
155,17.9
156,34.7
157,14.0
158,7.3
159,11.7
160,19.6
161,2.4
162,8.6
163,11.4
164,2.6
165,21.3
166,7.0
167,15.3
168,16.7
169,11.7
170,23.0
171,16.7
172,23.2
173,11.4
174,17.9
175,6.1
176,4.6
177,5.2
178,12.0
179,7.7
180,8.0
181,9.5
182,9.0
183,16.7
184,19.6
185,9.1
186,2.8
187,5.9
188,5.4
189,16.2
190,8.2
191,6.9
192,7.5
193,3.5
194,4.6
195,1.6
196,6.8
197,15.5
198,1.9
199,11.2
200,14.8
201,10.5
202,8.4
203,3.5
204,13.8
205,13.5
206,7.2
207,11.4
208,11.0
209,23.0
210,8.9
211,7.8
212,7.9
213,1.8
214,8.8
215,20.4
216,13.8
217,3.4
218,10.4
219,13.9
220,11.2
221,4.3
222,6.4
223,17.9
224,12.6
225,7.3
226,10.4
227,16.1
228,20.0
229,5.4
230,10.5
231,9.2
232,3.4
233,4.6
234,6.5
235,2.8
236,11.2
237,11.8
238,13.0
239,8.0
240,29.8
241,18.4
242,15.2
243,5.6
244,13.8
245,17.9
246,5.9
247,18.8
248,1.9
249,7.0
250,8.4
251,4.6
252,5.3
253,20.6
254,6.3
255,11.2
256,1.6
257,7.5
258,14.3
259,12.4
260,3.6
261,35.2
262,3.5
263,7.8
264,13.9
265,8.4
266,12.9
267,4.3
268,11.2
269,18.4
270,8.2
271,14.0
272,5.1
273,6.9
274,4.1
275,15.4
276,19.6
277,10.4
278,15.5
279,18.8
280,11.2
281,6.6
282,11.2
283,9.4
284,10.4
285,8.7
286,3.3
287,11.2
288,23.0
289,11.2
290,11.8
291,12.1
292,2.4
293,8.8
294,12.2
295,18.4
296,13.5
297,13.0
298,10.3
299,38.0
300,14.9
301,8.0
302,20.4
303,14.7
304,6.4
305,11.2
306,23.0
307,7.9
308,10.5
309,25.9
310,14.8
311,9.7
312,2.8
313,4.3
314,11.2
315,7.5
316,25.0
317,19.6
318,7.4
319,21.5
320,10.4
321,15.2
322,6.2
323,8.5
324,5.6
325,5.2
326,9.0
327,7.5
328,7.3
329,11.2
330,7.8
331,10.5
332,5.9
333,13.7
334,8.5
335,11.4
336,7.0
337,18.7
338,23.0
339,1.6
340,8.4
341,4.3
342,22.7
343,16.7
344,4.5
345,2.5
346,17.9
347,13.5
348,6.4
349,14.7
350,23.0
351,4.6
352,21.1
353,8.8
354,8.5
355,13.8
356,6.3
357,5.3
358,8.2
359,8.4
360,13.5
361,27.0
362,11.4
363,8.8
364,13.8
365,10.5
366,20.6
367,13.5
368,7.3
369,13.9
370,15.4
371,11.2
372,13.0
373,13.9
374,2.4
375,6.4
376,31.2
377,13.8
378,4.6
379,1.6
380,9.2
381,6.8
382,1.6
383,10.8
384,12.6
385,16.1
386,6.6
387,11.4
388,4.6
389,20.4
390,21.5
391,2.1
392,7.8
393,12.6
394,18.0
395,31.7
396,6.2
397,9.5
398,11.2
399,7.9
400,7.5
401,8.7
402,6.9
403,2.4
404,10.4
405,9.2
406,11.2
407,43.3
408,12.8
409,6.2
410,1.9
411,4.6
412,6.4
413,10.5
414,10.3
415,16.3
416,5.3
417,38.0
418,11.2
419,8.8
420,27.0
421,16.7
422,1.8
423,7.8
424,3.1
425,10.1
426,6.3
427,19.9
428,10.4
429,2.6
430,4.6
431,5.4
432,12.4
433,21.3
434,10.5
435,31.7
436,4.6
437,14.8
438,9.7
439,13.8
440,38.0
441,2.8
442,17.9
443,13.0
444,13.8
445,5.2
446,1.6
447,20.5
448,18.0
449,9.2
450,3.8
451,12.0
452,13.8
453,8.9
454,14.3
455,11.2
456,8.8
457,7.8
458,13.8
459,5.3
460,2.0
461,13.8
462,6.1
463,10.5
464,16.7
465,13.8
466,1.9
467,13.0
468,12.9
469,7.3
470,7.8
471,17.9
472,13.0
473,11.2
474,18.4
475,7.0
476,2.8
477,5.1
478,12.7
479,18.4
480,15.5
481,7.8
482,16.1
483,13.4
484,3.4
485,10.1
486,8.4
487,8.4
488,7.0
489,8.0
490,8.0
491,5.4
492,1.6
493,8.9
494,5.1
495,11.1
496,9.2
497,12.0
498,13.0
499,14.5
500,10.5
501,21.1
502,9.4
503,13.1
504,27.0
505,8.7
506,7.8
507,17.9
508,8.8
509,28.8
510,10.5
511,11.4
512,6.2
513,8.8
514,4.0
515,10.7
516,1.6
517,16.1
518,8.0
519,17.3
520,7.9
521,14.3
522,11.2
523,14.5
524,1.8
525,12.7
526,11.4
527,10.5
528,21.5
529,8.0
530,8.0
531,7.5
532,11.2
533,1.3
534,11.2
535,7.5
536,9.2
537,6.7
538,14.5
539,15.4
540,11.4
541,12.1
542,12.3
543,9.7
544,3.3
545,1.2
546,13.9
547,5.8
548,6.3
549,11.7
550,9.0
551,7.7
552,5.2
553,2.0
554,9.1
555,15.5
556,12.3
557,8.0
558,11.8
559,24.7
560,14.5
561,17.3
562,10.4
563,15.5
564,11.4
565,9.4
566,7.7
567,14.3
568,21.5
569,16.7
570,6.2
571,10.2
572,13.0
573,1.8
574,2.3
575,13.7
576,6.9
577,7.0
578,38.0
579,7.8
580,12.7
581,6.4
582,15.2
583,6.4
584,7.5
585,12.4
586,5.2
587,10.7
588,7.7
589,35.4
590,5.4
591,23.3
592,14.8
593,8.5
594,16.0
595,8.2
596,10.5
597,3.5
598,6.4
599,10.5
600,3.4
601,14.7
602,13.8
603,7.0
604,13.9
605,13.3
606,6.4
607,5.3
608,9.4
609,8.5
610,19.9
611,10.8
612,7.5
613,11.2
614,12.1
615,18.0
616,16.3
617,2.4
618,11.1
619,6.1
620,13.7
621,9.5
622,12.8
623,21.5
624,8.2
625,10.6
626,7.0
627,3.6
628,18.0
629,14.7
630,8.5
631,2.6
632,7.0
633,18.0
634,10.3
635,8.2
636,7.2
637,11.2
638,13.4
639,12.9
640,7.8
641,10.8
642,5.6
643,2.7
644,4.6
645,20.4
646,10.4
647,7.8
648,1.2
649,29.8
650,4.5
651,7.5
652,8.0
653,9.2
654,17.3
655,5.5
656,5.3
657,4.3
658,3.4
659,20.6
660,4.5
661,9.7
662,6.3
663,8.2
664,11.4
665,11.2
666,12.1
667,8.9
668,11.2
669,19.9
670,13.9
671,31.6
672,7.5
673,7.8
674,10.7
675,29.8
676,7.3
677,13.6
678,27.0
679,9.4
680,5.5
681,4.6
682,14.7
683,14.3
684,16.0
685,5.3
686,12.1
687,18.0
688,13.7
689,9.2
690,9.7
691,6.5
692,9.9
693,27.0
694,20.6
695,5.0
696,6.9
697,7.5
698,11.2
699,6.9
700,7.3
701,6.4
702,10.5
703,13.8
704,12.9
705,10.4
706,10.4
707,2.6
708,3.5
709,5.5
710,3.0
711,13.8
712,11.2
713,3.0
714,11.0
715,11.8
716,8.9
717,5.4
718,12.0
719,14.3
720,3.6
721,19.6
722,0.0
723,15.0
724,5.6
725,7.7
726,31.7
727,23.0
728,15.4
729,25.9
730,10.5
731,2.4
732,6.4
733,21.5
734,7.0
735,14.7
736,11.8
737,18.4
738,2.6
739,10.1
740,38.0
741,1.3
742,5.9
743,12.8
744,13.6
745,12.4
746,8.9
747,8.5
748,10.2
749,14.9
750,3.4
751,6.7
752,9.7
753,5.9
754,6.4
755,5.5
756,5.0
757,24.7
758,13.8
759,13.0
760,6.1
761,13.8
762,3.5
763,3.6
764,10.5
765,6.1
766,11.0
767,13.9
768,25.9
769,11.5
770,4.6
771,13.7
772,14.8
773,9.4
774,9.3
775,29.8
776,3.5
777,7.0
778,7.8
779,25.9
780,7.5
781,17.2
782,11.2
783,13.0
784,5.2
785,13.0
786,7.8
787,12.4
788,8.8
789,12.0
790,7.9
791,5.6
792,4.6
793,8.2
794,14.7
795,10.5
796,13.1
797,22.2
798,21.5
799,7.5
800,9.2
801,6.9
802,7.5
803,8.8
804,5.5
805,5.1
806,13.4
807,11.2
808,19.6
809,15.4
810,4.6
811,13.9
812,24.7
813,6.7
814,8.0
815,6.4
816,21.5
817,14.3
818,21.5
819,15.5
820,20.6
821,5.4
822,27.7
823,10.6
824,16.3
825,12.0
826,11.0
827,9.0
828,4.3
829,1.9
830,10.5
831,20.6
832,13.5
833,4.5
834,44.2
835,3.0
836,3.4
837,4.5
838,20.8
839,6.7
840,19.9
841,11.2
842,31.2
843,14.5
844,9.2
845,16.0
846,6.1
847,5.7
848,3.5
849,5.9
850,5.0
851,48.1
852,12.6
853,20.0
854,11.2
855,12.6
856,11.4
857,7.4
858,18.0
859,14.3
860,14.7
861,16.1
862,13.9
863,2.8
864,12.0
865,10.1
866,11.8
867,24.8
868,7.3
869,3.5
870,8.4
871,3.3
872,38.0
873,8.2
874,11.2
875,6.8
876,18.4
877,20.6
878,6.7
879,1.6
880,6.4
881,16.3
882,9.7
883,11.2
884,17.9
885,4.2
886,7.7
887,8.4
888,20.0
889,11.2
890,25.5
891,12.8
892,4.6
893,6.9
894,21.3
895,25.5
896,7.0
897,6.4
898,2.3
899,23.8
900,5.2
901,11.2
902,4.4
903,3.4
904,14.7
905,10.5
906,3.8
907,13.4
908,27.2
909,14.0
910,6.9
911,16.1
912,5.3
913,5.2
914,8.2
915,23.0
916,10.8
917,14.5
918,7.8
919,17.4
920,7.8
921,5.3
922,7.2
923,2.7
924,7.7
925,5.5
926,18.0
927,8.5
928,5.2
929,35.2
930,1.2
931,12.4
932,5.2
933,5.2
934,10.5
935,6.9
936,13.9
937,6.7
938,8.4
939,13.5
940,16.1
941,11.2
942,4.2
943,14.0
944,16.1
945,11.2
946,5.9
947,17.2
948,11.2
949,16.1
950,27.2
951,7.5
952,6.2
953,7.5
954,11.4
955,20.4
956,16.7
957,14.7
958,13.8
959,7.8
960,5.6
961,2.0
962,5.6
963,11.8
964,13.8
965,11.0
966,23.0
967,11.8
968,24.7
969,4.3
970,10.9
971,8.4
972,5.9
973,14.0
974,9.7
975,23.5
976,20.4
977,4.6
978,15.5
979,14.5
980,17.9
981,11.2
982,9.4
983,20.0
984,8.4
985,14.7
986,15.0
987,3.6
988,14.3
989,7.9
990,3.8
991,13.1
992,12.0
993,7.8
994,5.1
995,8.2
996,2.4
997,7.2
998,12.0
999,5.1
1000,18.0
1001,20.0
1002,6.3
1003,14.6
1004,10.3
1005,9.2
1006,20.6
1007,17.9
1008,0.0
1009,10.4
1010,3.6
1011,10.2
1012,20.4
1013,25.5
1014,15.5
1015,7.3
1016,13.0
1017,17.9
1018,5.0
1019,5.1
1020,6.5
1021,12.7
1022,3.3
1023,2.1
1024,11.1
1025,25.0
1026,3.5
1027,4.5
1028,6.2
1029,8.5
1030,9.2
1031,19.9
1032,7.3
1033,21.3
1034,7.9
1035,24.7
1036,6.2
1037,13.4
1038,10.4
1039,14.6
1040,9.9
1041,16.7
1042,10.1
1043,13.9
1044,11.2
1045,6.6
1046,16.7
1047,7.8
1048,11.7
1049,2.3
1050,3.4
1051,6.1
1052,9.7
1053,5.1
1054,11.0
1055,6.2
1056,17.2
1057,7.8
1058,11.2
1059,21.5
1060,6.6
1061,6.7
1062,10.8
1063,14.0
1064,18.4
1065,6.4
1066,2.6
1067,7.5
1068,16.7
1069,14.8
1070,13.4
1071,1.5
1072,9.7
1073,10.5
1074,12.9
1075,16.5
1076,7.7
1077,13.0
1078,6.3
1079,12.4
1080,26.5
1081,13.9
1082,13.9
1083,6.1
1084,6.3
1085,2.4
1086,7.5
1087,13.0
1088,3.8
1089,15.5
1090,12.0
1091,13.3
1092,4.6
1093,9.2
1094,19.9
1095,11.4
1096,6.7
1097,13.9
1098,10.8
1099,9.4
1100,12.8
1101,13.9
1102,5.2
1103,25.2
1104,20.5
1105,8.4
1106,13.8
1107,11.7
1108,8.0
1109,12.8
1110,7.9
1111,21.5
1112,11.4
1113,4.5
1114,20.6
1115,10.2
1116,34.9
1117,13.9
1118,12.0
1119,6.3
1120,15.3
1121,6.3
1122,6.3
1123,10.1
1124,5.9
1125,4.6
1126,24.8
1127,29.8
1128,8.8
1129,14.0
1130,4.5
1131,6.2
1132,31.7
1133,10.2
1134,12.1
1135,10.4
1136,6.2
1137,4.5
1138,12.9
1139,11.0
1140,7.5
1141,12.7
1142,23.2
1143,47.3
1144,12.8
1145,6.3
1146,7.5
1147,12.4
1148,13.1
1149,2.4
1150,27.0
1151,8.4
1152,4.5
1153,10.1
1154,7.8
1155,7.7
1156,3.8
1157,18.0
1158,10.5
1159,9.2
1160,14.0
1161,14.5
1162,4.6
1163,8.4
1164,1.9
1165,6.3
1166,16.0
1167,4.6
1168,7.7
1169,17.3
1170,11.2
1171,14.8
1172,5.3
1173,13.8
1174,11.2
1175,12.4
1176,13.3
1177,5.1
1178,12.0
1179,7.2
1180,12.0
1181,8.9
1182,10.5
1183,6.4
1184,12.0
1185,19.6
1186,8.0
1187,24.7
1188,3.5
1189,4.6
1190,5.5
1191,7.7
1192,9.7
1193,3.5
1194,25.0
1195,13.0
1196,4.1
1197,1.8
1198,13.9
1199,3.8
1200,8.8
1201,10.5
1202,14.7
1203,4.4
1204,18.4
1205,24.7
1206,18.4
1207,8.8
1208,17.9
1209,5.3
1210,10.4
1211,5.3
1212,13.9
1213,6.3
1214,6.7
1215,13.9
1216,17.9
1217,1.6
1218,8.9
1219,3.8
1220,10.6
1221,13.9
1222,25.9
1223,6.8
1224,13.8
1225,27.7
1226,10.4
1227,13.8
1228,12.0
1229,19.6
1230,18.0
1231,5.2
1232,7.8
1233,5.5
1234,1.9
1235,5.3
1236,8.0
1237,13.1
1238,16.1
1239,10.2
1240,7.0
1241,19.6
1242,9.2
1243,9.4
1244,5.5
1245,26.0
1246,8.8
1247,10.5
1248,31.7
1249,6.4
1250,17.9
1251,6.4
1252,2.6
1253,11.2
1254,4.5
1255,14.7
1256,7.7
1257,5.3
1258,7.9
1259,9.7
1260,14.5
1261,4.3
1262,4.4
1263,8.8
1264,6.2
1265,7.8
1266,20.0
1267,38.0
1268,5.3
1269,7.3
1270,5.9
1271,6.2
1272,7.8
1273,13.0
1274,18.0
1275,14.7
1276,17.9
1277,10.1
1278,13.5
1279,12.8
1280,11.2
1281,14.7
1282,12.0
1283,1.6
1284,35.2
1285,25.5
1286,7.9
1287,5.2
1288,14.7
1289,12.3
1290,27.0
1291,7.5
1292,1.6
1293,4.6
1294,5.3
1295,13.0
1296,20.5
1297,17.2
1298,2.1
1299,13.1
1300,5.3
1301,35.2
1302,5.2
1303,25.9
1304,4.3
1305,4.5
1306,11.2
1307,11.2
1308,4.2
1309,7.3
1310,27.0
1311,7.0
1312,7.2
1313,1.9
1314,14.8
1315,13.7
1316,2.8
1317,24.7
1318,23.5
1319,15.4
1320,10.5
1321,13.0
1322,9.9
1323,8.4
1324,2.4
1325,13.0
1326,17.9
1327,11.2
1328,21.5
1329,17.9
1330,5.2
1331,4.0
1332,6.4
1333,27.0
1334,6.1
1335,20.6
1336,16.2
1337,2.3
1338,16.3
1339,13.0
1340,5.9
1341,4.6
1342,11.8
1343,19.6
1344,34.7
1345,14.5
1346,16.3
1347,4.1
1348,17.9
1349,14.5
1350,14.7
1351,13.5
1352,4.6
1353,11.4
1354,14.7
1355,7.5
1356,31.7
1357,7.8
1358,5.2
1359,5.5
1360,13.9
1361,2.5
1362,31.7
1363,4.6
1364,8.7
1365,15.5
1366,24.7
1367,17.9
1368,9.2
1369,6.4
1370,31.7
1371,4.6
1372,7.8
1373,7.5
1374,16.5
1375,4.6
1376,7.8
1377,2.3
1378,13.0
1379,5.5
1380,14.7
1381,25.9
1382,3.4
1383,8.4
1384,11.2
1385,10.3
1386,2.6
1387,11.2
1388,6.5
1389,11.8
1390,6.3
1391,15.2
1392,8.1
1393,8.5
1394,23.0
1395,7.5
1396,20.8
1397,13.1
1398,4.6
1399,5.3
1400,7.8
1401,10.5
1402,6.1
1403,10.8
1404,11.4
1405,15.4
1406,18.0
1407,17.3
1408,7.5
1409,4.6
1410,17.9
1411,10.1
1412,7.0
1413,14.7
1414,21.3
1415,7.8
1416,1.9
1417,8.4
1418,24.7
1419,4.6
1420,3.4
1421,2.7
1422,11.2
1423,6.3
1424,8.0
1425,12.8
1426,20.6
1427,11.2
1428,8.4
1429,4.2
1430,9.2
1431,8.4
1432,5.5
1433,11.2
1434,19.9
1435,20.6
1436,16.7
1437,13.1
1438,3.8
1439,16.0
1440,8.0
1441,6.4
1442,11.2
1443,2.4
1444,16.1
1445,14.3
1446,12.1
1447,20.5
1448,10.5
1449,4.6
1450,12.3
1451,5.2
1452,2.5
1453,9.2
1454,10.7
1455,10.1
1456,13.0
1457,17.5
1458,14.5
1459,13.8
1460,7.5
1461,5.0
1462,11.5
1463,14.5
1464,17.9
1465,1.6
1466,10.2
1467,17.4
1468,12.2
1469,11.2
1470,6.2
1471,3.4
1472,21.3
1473,7.8
1474,13.8
1475,8.4
1476,2.4
1477,14.0
1478,15.5
1479,12.5
1480,12.9
1481,8.2
1482,10.4
1483,8.7
1484,5.9
1485,5.2
1486,13.9
1487,14.0
1488,17.2
1489,12.1
1490,9.2
1491,29.9
1492,5.7
1493,13.5
1494,2.6
1495,4.3
1496,10.1
1497,2.6
1498,19.6
1499,13.7
1500,14.2
1501,6.1
1502,8.0
1503,9.7
1504,4.3
1505,10.4
1506,13.5
1507,6.2
1508,21.5
1509,3.4
1510,14.6
1511,23.2
1512,8.1
1513,7.8
1514,13.3
1515,9.7
1516,4.4
1517,12.7
1518,11.1
1519,12.8
1520,27.1
1521,11.8
1522,13.8
1523,4.6
1524,12.0
1525,6.2
1526,3.5
1527,14.0
1528,4.3
1529,11.4
1530,10.1
1531,6.8
1532,11.4
1533,19.6
1534,11.0
1535,14.7
1536,6.9
1537,6.2
1538,11.2
1539,10.7
1540,10.9
1541,9.5
1542,14.7
1543,8.0
1544,6.1
1545,8.2
1546,6.5
1547,4.1
1548,18.8
1549,10.2
1550,11.7
1551,15.5
1552,8.4
1553,10.3
1554,35.4
1555,6.9
1556,17.3
1557,14.3
1558,14.7
1559,10.7
1560,12.8
1561,5.9
1562,14.2
1563,8.9
1564,14.0
1565,16.2
1566,8.8
1567,15.0
1568,1.8
1569,6.4
1570,7.9
1571,11.2
1572,4.1
1573,15.3
1574,20.6
1575,14.7
1576,34.9
1577,2.7
1578,12.4
1579,29.8
1580,20.5
1581,5.4
1582,8.5
1583,20.6
1584,10.5
1585,11.5
1586,21.8
1587,16.7
1588,20.5
1589,2.4
1590,4.5
1591,9.4
1592,5.1
1593,13.4
1594,17.9
1595,11.2
1596,15.5
1597,13.8
1598,15.0
1599,25.5
1600,3.0
1601,14.6
1602,6.3
1603,35.2
1604,7.8
1605,11.1
1606,13.8
1607,5.1
1608,8.8
1609,3.4
1610,14.8
1611,10.2
1612,8.2
1613,0.0
1614,6.1
1615,3.6
1616,2.1
1617,11.2
1618,20.5
1619,11.4
1620,5.4
1621,5.1
1622,20.4
1623,15.5
1624,10.2
1625,1.3
1626,11.8
1627,2.6
1628,2.4
1629,11.2
1630,20.0
1631,15.5
1632,16.7
1633,13.7
1634,15.5
1635,13.0
1636,7.8
1637,4.5
1638,2.0
1639,1.9
1640,25.9
1641,2.7
1642,10.2
1643,14.2
1644,3.5
1645,9.2
1646,7.0
1647,3.6
1648,7.7
1649,4.2
1650,11.2
1651,32.3
1652,8.4
1653,12.0
1654,2.6
1655,7.3
1656,7.0
1657,7.5
1658,17.9
1659,5.9
1660,21.3
1661,31.7
1662,9.2
1663,13.9
1664,2.8
1665,17.2
1666,14.7
1667,7.8
1668,20.6
1669,5.2
1670,6.4
1671,4.5
1672,9.9
1673,19.6
1674,5.3
1675,1.8
1676,6.6
1677,3.5
1678,12.4
1679,9.2
1680,8.4
1681,1.8
1682,21.5
1683,14.3
1684,3.8
1685,3.3
1686,23.2
1687,5.1
1688,10.3
1689,13.0
1690,2.4
1691,14.2
1692,13.3
1693,8.9
1694,31.7
1695,11.2
1696,9.2
1697,14.0
1698,14.7
1699,5.4
1700,11.8
1701,14.7
1702,10.1
1703,6.4
1704,11.2
1705,16.0
1706,13.9
1707,14.8
1708,11.7
1709,15.5
1710,9.2
1711,21.3
1712,8.7
1713,21.5
1714,16.3
1715,9.2
1716,4.3
1717,7.2
1718,18.4
1719,6.2
1720,11.7
1721,10.8
1722,3.3
1723,4.3
1724,14.2
1725,13.5
1726,8.0
1727,9.2
1728,2.3
1729,16.5
1730,19.6
1731,20.6
1732,6.4
1733,8.4
1734,9.7
1735,13.0
1736,12.7
1737,2.6
1738,10.4
1739,20.6
1740,11.2
1741,2.6
1742,8.7
1743,13.5
1744,10.4
1745,14.3
1746,8.2
1747,10.3
1748,10.7
1749,20.4
1750,8.4
1751,14.0
1752,22.7
1753,6.1
1754,13.9
1755,10.5
1756,5.9
1757,13.0
1758,13.3
1759,7.9
1760,11.8
1761,2.1
1762,12.4
1763,8.4
1764,6.5
1765,16.5
1766,9.2
1767,3.8
1768,6.1
1769,8.8
1770,3.5
1771,1.8
1772,13.7
1773,1.6
1774,14.7
1775,14.0
1776,14.2
1777,11.2
1778,31.7
1779,2.7
1780,13.8
1781,17.9
1782,13.9
1783,14.2
1784,8.2
1785,7.0
1786,10.2
1787,4.6
1788,5.3
1789,11.2
1790,16.7
1791,25.0
1792,11.4
1793,31.2
1794,11.2
1795,14.7
1796,15.0
1797,3.3
1798,10.1
1799,13.0
1800,10.1
1801,3.5
1802,9.2
1803,3.6
1804,8.5
1805,7.3
1806,7.3
1807,31.7
1808,11.2
1809,11.2
1810,10.5
1811,18.4
1812,11.0
1813,6.1
1814,9.7
1815,45.9
1816,12.6
1817,11.4
1818,7.7
1819,11.2
1820,11.0
1821,13.1
1822,12.3
1823,12.4
1824,3.2
1825,7.2
1826,13.1
1827,11.2
1828,38.0
1829,11.4
1830,14.7
1831,12.8
1832,4.3
1833,9.4
1834,6.4
1835,20.6
1836,4.6
1837,15.5
1838,22.2
1839,11.7
1840,27.2
1841,22.7
1842,11.4
1843,7.0
1844,12.1
1845,14.7
1846,15.5
1847,3.1
1848,4.5
1849,8.4
1850,14.2
1851,6.1
1852,9.2
1853,9.2
1854,10.5
1855,14.5
1856,17.9
1857,11.2
1858,6.2
1859,10.3
1860,12.0
1861,7.7
1862,6.2
1863,4.5
1864,6.1
1865,17.2
1866,14.7
1867,7.8
1868,7.2
1869,24.7
1870,7.8
1871,5.1
1872,10.4
1873,10.5
1874,10.6
1875,11.2
1876,8.4
1877,21.3
1878,16.7
1879,14.6
1880,12.0
1881,2.5
1882,10.7
1883,7.7
1884,17.2
1885,6.2
1886,12.4
1887,4.6
1888,14.7
1889,9.7
1890,10.8
1891,12.9
1892,8.8
1893,12.3
1894,2.6
1895,8.9
1896,7.8
1897,15.3
1898,2.5
1899,14.7
1900,13.8
1901,2.4
1902,38.0
1903,7.4
1904,27.0
1905,10.7
1906,14.0
1907,21.5
1908,7.0
1909,16.7
1910,4.1
1911,11.7
1912,18.4
1913,13.0
1914,15.5
1915,7.0
1916,9.9
1917,9.9
1918,19.9
1919,38.0
1920,2.6
1921,4.6
1922,14.9
1923,18.7
1924,12.4
1925,12.3
1926,13.0
1927,10.4
1928,11.5
1929,3.4
1930,20.6
1931,14.0
1932,14.7
1933,14.3
1934,25.2
1935,11.4
1936,9.2
1937,14.7
1938,3.1
1939,25.0
1940,4.6
1941,22.2
1942,3.5
1943,11.2
1944,10.4
1945,7.8
1946,16.5
1947,14.3
1948,12.4
1949,1.3
1950,6.1
1951,8.8
1952,23.0
1953,17.9
1954,8.8
1955,16.7
1956,7.5
1957,5.2
1958,17.9
1959,14.7
1960,5.2
1961,5.3
1962,12.0
1963,7.7
1964,7.7
1965,12.0
1966,10.8
1967,10.2
1968,14.0
1969,13.0
1970,8.9
1971,5.7
1972,5.9
1973,20.0
1974,7.8
1975,8.8
1976,6.7
1977,12.9
1978,3.3
1979,18.4
1980,9.4
1981,5.1
1982,12.9
1983,13.9
1984,6.2
1985,5.2
1986,17.9
1987,4.6
1988,1.9
1989,13.8
1990,21.5
1991,47.4
1992,37.5
1993,5.2
1994,3.3
1995,20.4
1996,21.5
1997,15.4
1998,11.8
1999,8.8
2000,3.3
2001,31.7
2002,16.1
2003,8.4
2004,4.3
2005,47.4
2006,9.3
2007,18.4
2008,11.2
2009,8.7
2010,21.8
2011,5.0
2012,10.3
2013,2.8
2014,6.9
2015,21.5
2016,5.2
2017,17.9
2018,6.4
2019,14.7
2020,7.8
2021,12.0
2022,8.8
2023,6.2
2024,13.8
2025,23.8
2026,12.6
2027,14.0
2028,12.8
2029,2.7
2030,12.4
2031,10.6
2032,3.6
2033,11.7
2034,3.8
2035,12.1
2036,11.2
2037,8.5
2038,4.6
2039,17.5
2040,11.2
2041,5.9
2042,8.0
2043,8.7
2044,13.1
2045,10.3
2046,12.0
2047,11.2
2048,13.5
2049,7.3
2050,14.3
2051,8.7
2052,1.8
2053,28.8
2054,14.8
2055,8.4
2056,14.2
2057,5.3
2058,3.1
2059,8.2
2060,9.2
2061,5.1
2062,10.4
2063,10.1
2064,7.2
2065,10.5
2066,13.5
2067,8.0
2068,17.4
2069,9.7
2070,14.9
2071,11.0
2072,3.4
2073,7.7
2074,11.8
2075,11.2
2076,12.7
2077,5.2
2078,12.7
2079,6.5
2080,5.6
2081,28.8
2082,35.2
2083,4.2
2084,12.3
2085,12.6
2086,20.6
2087,47.3
2088,31.7
2089,16.5
2090,10.4
2091,10.7
2092,4.1
2093,12.6
2094,11.2
2095,8.8
2096,11.4
2097,6.4
2098,14.7
2099,23.0
2100,18.4
2101,14.0
2102,11.2
2103,5.7
2104,14.2
2105,5.3
2106,10.5
2107,7.8
2108,9.4
2109,12.1
2110,14.7
2111,14.7
2112,13.7
2113,8.8
2114,6.3
2115,7.7
2116,7.8
2117,5.7
2118,3.5
2119,2.1
2120,17.9
2121,13.9
2122,10.9
2123,7.5
2124,4.6
2125,11.7
2126,10.3
2127,14.3
2128,8.8
2129,13.6
2130,9.7
2131,18.4
2132,8.4
2133,15.2
2134,3.4
2135,5.2
2136,7.0
2137,11.7
2138,3.3
2139,18.0
2140,1.6
2141,7.5
2142,13.7
2143,6.4
2144,24.7
2145,8.0
2146,6.7
2147,6.5
2148,10.7
2149,2.4
2150,7.2
2151,12.1
2152,13.7
2153,7.8
2154,21.5
2155,3.1
2156,5.5
2157,7.8
2158,7.7
2159,8.8
2160,11.1
2161,4.3
2162,2.1
2163,7.8
2164,5.1
2165,27.0
2166,11.0
2167,13.4
2168,5.5
2169,6.4
2170,10.4
2171,13.8
2172,16.1
2173,3.2
2174,7.8
2175,10.2
2176,2.3
2177,12.6
2178,4.6
2179,23.2
2180,11.2
2181,34.1
2182,8.1
2183,14.0
2184,13.9
2185,6.4
2186,8.4
2187,6.3
2188,20.5
2189,9.3
2190,21.5
2191,9.5
2192,5.9
2193,3.4
2194,5.2
2195,13.8
2196,6.9
2197,8.8
2198,8.4
2199,45.9
2200,20.6
2201,8.0
2202,17.2
2203,16.2
2204,16.1
2205,5.6
2206,8.9
2207,38.0
2208,3.2
2209,10.4
2210,11.2
2211,6.4
2212,16.0
2213,10.9
2214,14.2
2215,19.9
2216,16.0
2217,5.0
2218,5.2
2219,4.6
2220,13.0
2221,5.1
2222,4.3
2223,17.2
2224,11.2
2225,20.6
2226,11.2
2227,8.8
2228,2.4
2229,7.4
2230,9.3
2231,20.6
2232,11.1
2233,8.5
2234,8.5
2235,11.2
2236,5.0
2237,25.9
2238,14.2
2239,8.5
2240,10.5
2241,3.8
2242,12.6
2243,18.4
2244,4.6
2245,10.5
2246,5.1
2247,14.5
2248,5.5
2249,13.9
2250,4.6
2251,13.9
2252,0.0
2253,13.0
2254,14.0
2255,17.2
2256,9.5
2257,7.9
2258,13.0
2259,14.8
2260,11.4
2261,14.0
2262,26.5
2263,15.5
2264,6.1
2265,13.6
2266,2.5
2267,5.0
2268,9.7
2269,3.5
2270,8.2
2271,4.1
2272,14.2
2273,27.0
2274,13.9
2275,21.5
2276,13.1
2277,8.2
2278,13.5
2279,13.5
2280,9.2
2281,5.2
2282,8.4
2283,7.9
2284,12.0
2285,13.7
2286,6.3
2287,9.7
2288,16.0
2289,11.2
2290,13.0
2291,13.8
2292,35.4
2293,16.2
2294,12.4
2295,8.9
2296,17.9
2297,10.5
2298,7.5
2299,6.5
2300,8.7
2301,17.3
2302,11.2
2303,5.9
2304,8.4
2305,8.4
2306,10.2
2307,8.9
2308,31.7
2309,20.8
2310,3.4
2311,3.2
2312,5.2
2313,7.0
2314,3.4
2315,5.4
2316,14.7
2317,3.3
2318,15.5
2319,8.4
2320,3.5
2321,20.8
2322,11.2
2323,5.2
2324,15.5
2325,6.3
2326,14.0
2327,6.2
2328,6.2
2329,31.7
2330,5.9
2331,15.4
2332,29.8
2333,9.7
2334,20.6
2335,17.5
2336,0.0
2337,7.8
2338,2.1
2339,12.1
2340,12.0
2341,1.8
2342,21.8
2343,10.1
2344,6.8
2345,5.3
2346,2.6
2347,14.0
2348,11.4
2349,24.8
2350,22.2
2351,47.3
2352,20.6
2353,5.9
2354,9.7
2355,14.2
2356,11.8
2357,7.8
2358,6.9
2359,11.4
2360,13.9
2361,14.9
2362,12.0
2363,28.5
2364,11.4
2365,8.9
2366,16.1
2367,4.6
2368,4.5
2369,7.8
2370,14.7
2371,12.1
2372,14.6
2373,3.0
2374,2.3
2375,26.0
2376,25.9
2377,9.2
2378,5.5
2379,14.7
2380,27.0
2381,15.4
2382,13.8
2383,10.8
2384,11.2
2385,6.2
2386,7.0
2387,10.5
2388,11.4
2389,9.7
2390,2.6
2391,14.9
2392,20.6
2393,17.9
2394,13.5
2395,14.7
2396,5.5
2397,10.4
2398,13.9
2399,3.2
2400,18.4
2401,5.2
2402,8.2
2403,38.0
2404,9.7
2405,21.5
2406,6.2
2407,5.3
2408,13.8
2409,6.2
2410,3.2
2411,9.4
2412,19.9
2413,11.4
2414,13.7
2415,19.9
2416,4.6
2417,5.9
2418,6.3
2419,9.9
2420,8.9
2421,14.5
2422,11.1
2423,16.1
2424,8.7
2425,2.6
2426,8.2
2427,13.1
2428,3.5
2429,12.2
2430,1.8
2431,34.9
2432,12.1
2433,7.2
2434,8.2
2435,17.9
2436,2.4
2437,12.4
2438,13.9
2439,6.3
2440,12.8
2441,0.0
2442,9.7
2443,13.0
2444,3.3
2445,7.7
2446,12.8
2447,23.0
2448,22.7
2449,8.2
2450,10.3
2451,14.3
2452,8.5
2453,16.3
2454,4.6
2455,4.5
2456,13.0
2457,7.7
2458,11.4
2459,2.6
2460,3.0
2461,6.4
2462,13.4
2463,6.7
2464,25.9
2465,9.2
2466,7.9
2467,10.4
2468,23.0
2469,7.3
2470,31.7
2471,12.0
2472,6.3
2473,16.7
2474,11.4
2475,11.7
2476,3.2
2477,11.7
2478,15.2
2479,8.2
2480,6.1
2481,10.8
2482,11.7
2483,7.8
2484,3.5
2485,11.2
2486,10.1
2487,7.8
2488,7.3
2489,14.3
2490,29.9
2491,8.4
2492,18.0
2493,10.2
2494,3.5
2495,5.2
2496,8.9
2497,14.7
2498,3.0
2499,15.5
2500,4.5
2501,11.2
2502,9.2
2503,2.8
2504,17.9
2505,4.3
2506,7.2
2507,5.6
2508,6.8
2509,10.2
2510,14.0
2511,2.0
2512,14.0
2513,11.4
2514,20.5
2515,11.2
2516,1.8
2517,5.3
2518,21.3
2519,31.7
2520,8.5
2521,9.4
2522,5.1
2523,20.6
2524,13.0
2525,5.3
2526,9.7
2527,14.3
2528,3.3
2529,14.7
2530,14.5
2531,3.8
2532,5.1
2533,22.7
2534,11.2
2535,9.2
2536,17.3
2537,14.7
2538,14.7
2539,22.7
2540,2.4
2541,4.6
2542,13.5
2543,12.1
2544,12.7
2545,34.1
2546,2.4
2547,35.4
2548,6.1
2549,7.8
2550,8.8
2551,3.2
2552,9.4
2553,7.4
2554,4.2
2555,8.4
2556,3.2
2557,7.5
2558,18.4
2559,13.3
2560,8.2
2561,5.3
2562,10.8
2563,10.7
2564,5.0
2565,13.8
2566,3.3
2567,11.2
2568,8.0
2569,4.3
2570,9.7
2571,11.4
2572,17.4
2573,9.5
2574,14.7
2575,13.0
2576,12.9
2577,5.3
2578,12.4
2579,10.5
2580,7.8
2581,10.8
2582,7.9
2583,6.1
2584,16.0
2585,5.0
2586,18.8
2587,13.8
2588,6.2
2589,14.3
2590,2.4
2591,6.4
2592,14.2
2593,6.8
2594,5.9
2595,4.5
2596,6.2
2597,8.0
2598,20.6
2599,16.3
2600,7.9
2601,28.5
2602,8.2
2603,9.5
2604,12.0
2605,13.6
2606,28.8
2607,8.2
2608,13.9
2609,4.6
2610,6.4
2611,5.2
2612,11.7
2613,5.9
2614,18.0
2615,13.0
2616,27.0
2617,1.6
2618,15.5
2619,2.6
2620,12.0
2621,12.4
2622,3.5
2623,13.4
2624,13.8
2625,4.6
2626,6.4
2627,8.5
2628,8.8
2629,10.5
2630,6.1
2631,1.8
2632,7.7
2633,8.5
2634,19.9
2635,15.2
2636,8.4
2637,1.6
2638,1.9
2639,11.2
2640,10.5
2641,10.6
2642,6.6
2643,8.2
2644,17.3
2645,17.3
2646,5.2
2647,5.2
2648,24.8
2649,9.7
2650,14.7
2651,18.8
2652,8.0
2653,14.7
2654,11.2
2655,9.2
2656,17.9
2657,10.2
2658,3.8
2659,18.4
2660,12.6
2661,7.7
2662,12.4
2663,45.9
2664,9.4
2665,5.3
2666,11.2
2667,7.8
2668,5.1
2669,8.4
2670,27.0
2671,13.9
2672,11.2
2673,8.0
2674,6.7
2675,14.7
2676,27.1
2677,6.4
2678,8.0
2679,8.4
2680,5.2
2681,9.2
2682,5.5
2683,9.7
2684,5.6
2685,15.5
2686,13.8
2687,3.8
2688,9.7
2689,7.2
2690,4.4
2691,16.0
2692,11.4
2693,13.4
2694,6.8
2695,13.8
2696,20.5
2697,10.2
2698,7.2
2699,10.5
2700,21.5
2701,31.7
2702,16.7
2703,17.9
2704,6.2
2705,2.4
2706,10.9
2707,10.5
2708,6.4
2709,8.5
2710,16.0
2711,11.8
2712,9.4
2713,14.8
2714,17.4
2715,2.8
2716,12.8
2717,5.2
2718,13.0
2719,3.0
2720,14.7
2721,4.2
2722,4.0
2723,14.7
2724,2.5
2725,8.8
2726,1.5
2727,5.3
2728,13.8
2729,14.2
2730,10.5
2731,7.8
2732,11.8
2733,13.6
2734,7.8
2735,9.7
2736,11.4
2737,9.2
2738,11.7
2739,12.8
2740,3.5
2741,10.1
2742,5.5
2743,9.7
2744,7.7
2745,11.7
2746,6.4
2747,6.6
2748,17.5
2749,22.2
2750,6.4
2751,15.5
2752,19.6
2753,15.5
2754,14.0
2755,18.4
2756,12.1
2757,17.2
2758,8.5
2759,7.0
2760,13.9
2761,4.3
2762,9.2
2763,5.2
2764,9.2
2765,2.6
2766,17.2
2767,11.7
2768,14.7
2769,5.9
2770,12.1
2771,11.2
2772,13.1
2773,6.2
2774,7.0
2775,21.3
2776,8.5
2777,1.6
2778,1.6
2779,10.4
2780,11.2
2781,6.4
2782,1.6
2783,5.8
2784,5.6
2785,6.5
2786,9.2
2787,5.6
2788,24.8
2789,9.0
2790,13.1
2791,8.4
2792,1.2
2793,11.2
2794,10.1
2795,13.9
2796,13.8
2797,10.1
2798,7.2
2799,8.0
2800,11.2
2801,16.0
2802,18.0
2803,14.3
2804,5.5
2805,10.1
2806,41.0
2807,7.7
2808,14.7
2809,5.6
2810,14.0
2811,17.9
2812,13.8
2813,5.9
2814,14.7
2815,5.2
2816,2.6
2817,10.3
2818,15.5
2819,5.3
2820,6.2
2821,16.1
2822,14.2
2823,1.6
2824,9.7
2825,14.5
2826,4.6
2827,17.9
2828,10.7
2829,10.7
2830,5.4
2831,17.9
2832,1.8
2833,7.8
2834,18.4
2835,13.5
2836,14.8
2837,16.1
2838,7.8
2839,1.2
2840,12.1
2841,7.5
2842,5.3
2843,11.4
2844,17.9
2845,2.7
2846,17.2
2847,9.0
2848,3.8
2849,9.2
2850,8.7
2851,5.2
2852,5.4
2853,7.0
2854,3.0
2855,3.3
2856,2.6
2857,6.1
2858,13.9
2859,23.5
2860,7.2
2861,5.6
2862,14.2
2863,14.5
2864,3.2
2865,11.4
2866,10.5
2867,5.4
2868,23.6
2869,7.8
2870,9.2
2871,4.6
2872,6.7
2873,8.4
2874,14.5
2875,25.0
2876,8.2
2877,14.7
2878,9.4
2879,12.0
2880,22.2
2881,10.5
2882,7.4
2883,4.6
2884,2.8
2885,9.8
2886,11.2
2887,14.5
2888,7.5
2889,6.3
2890,9.5
2891,10.2
2892,8.0
2893,5.9
2894,13.5
2895,3.5
2896,17.3
2897,23.0
2898,20.0
2899,5.2
2900,9.7
2901,9.4
2902,13.9
2903,13.0
2904,5.3
2905,12.1
2906,8.7
2907,12.0
2908,5.2
2909,7.5
2910,5.6
2911,2.4
2912,38.0
2913,13.3
2914,2.4
2915,4.3
2916,10.1
2917,2.4
2918,12.1
2919,6.3
2920,13.8
2921,3.4
2922,11.8
2923,17.2
2924,12.0
2925,6.2
2926,8.2
2927,23.0
2928,13.8
2929,31.2
2930,10.5
2931,6.2
2932,20.4
2933,12.1
2934,5.2
2935,1.9
2936,5.9
2937,1.6
2938,16.7
2939,9.2
2940,5.2
2941,13.8
2942,25.9
2943,18.0
2944,6.1
2945,2.4
2946,13.9
2947,21.5
2948,3.3
2949,8.5
2950,8.8
2951,5.2
2952,6.9
2953,25.9
2954,14.2
2955,13.8
2956,6.2
2957,6.7
2958,8.8
2959,29.8
2960,13.9
2961,3.6
2962,1.8
2963,11.0
2964,5.9
2965,5.2
2966,14.7
2967,7.5
2968,10.2
2969,11.8
2970,5.0
2971,7.9
2972,21.5
2973,14.7
2974,3.4
2975,5.2
2976,13.6
2977,14.9
2978,4.1
2979,15.3
2980,5.9
2981,10.5
2982,4.6
2983,6.4
2984,10.1
2985,12.0
2986,5.9
2987,14.6
2988,5.5
2989,6.1
2990,18.0
2991,13.8
2992,11.2
2993,6.5
2994,12.4
2995,9.7
2996,26.5
2997,13.6
2998,10.4
2999,7.8
3000,6.2
3001,20.6
3002,7.8
3003,11.8
3004,13.9
3005,12.4
3006,4.5
3007,19.6
3008,11.8
3009,13.7
3010,6.5
3011,25.9
3012,14.8
3013,5.9
3014,6.5
3015,6.4
3016,8.9
3017,7.9
3018,7.4
3019,17.9
3020,18.4
3021,11.2
3022,5.5
3023,11.2
3024,7.2
3025,8.4
3026,7.5
3027,6.9
3028,13.4
3029,11.4
3030,9.7
3031,16.7
3032,14.2
3033,13.9
3034,4.5
3035,13.8
3036,8.9
3037,12.7
3038,9.2
3039,9.2
3040,1.8
3041,13.9
3042,11.7
3043,14.0
3044,11.5
3045,13.1
3046,17.5
3047,10.1
3048,14.0
3049,7.5
3050,14.0
3051,2.6
3052,2.4
3053,9.1
3054,11.8
3055,13.8
3056,29.8
3057,9.3
3058,2.1
3059,15.5
3060,0.0
3061,8.8
3062,14.3
3063,8.9
3064,22.2
3065,4.6
3066,20.0
3067,1.8
3068,4.6
3069,13.9
3070,10.5
3071,8.9
3072,9.1
3073,3.8
3074,11.2
3075,1.9
3076,11.2
3077,7.2
3078,7.4
3079,3.5
3080,12.0
3081,0.0
3082,12.4
3083,13.8
3084,5.4
3085,23.2
3086,5.8
3087,20.6
3088,14.0
3089,11.7
3090,12.3
3091,3.5
3092,14.5
3093,11.2
3094,16.1
3095,9.7
3096,4.2
3097,6.1
3098,13.3
3099,14.3
3100,13.8
3101,6.4
3102,15.3
3103,7.8
3104,4.0
3105,15.2
3106,3.3
3107,6.7
3108,9.5
3109,16.7
3110,7.0
3111,7.0
3112,9.9
3113,7.5
3114,8.8
3115,19.6
3116,5.3
3117,25.9
3118,5.4
3119,13.8
3120,8.4
3121,2.7
3122,17.2
3123,12.0
3124,2.6
3125,9.9
3126,19.6
3127,21.5
3128,6.3
3129,14.7
3130,9.3
3131,20.0
3132,38.0
3133,5.1
3134,10.1
3135,17.9
3136,3.3
3137,12.6
3138,18.4
3139,7.7
3140,14.0
3141,20.4
3142,9.9
3143,6.7
3144,4.1
3145,7.5
3146,4.6
3147,7.0
3148,7.3
3149,7.7
3150,2.1
3151,14.8
3152,2.7
3153,14.8
3154,13.0
3155,15.5
3156,6.3
3157,4.6
3158,4.2
3159,6.4
3160,16.1
3161,12.2
3162,12.4
3163,5.2
3164,11.2
3165,7.8
3166,10.2
3167,9.4
3168,11.2
3169,8.5
3170,9.0
3171,5.0
3172,13.8
3173,7.8
3174,7.8
3175,11.0
3176,12.3
3177,20.0
3178,20.0
3179,5.1
3180,17.4
3181,4.1
3182,13.8
3183,38.0
3184,4.6
3185,3.5
3186,7.2
3187,17.9
3188,12.0
3189,13.0
3190,10.4
3191,5.3
3192,13.5
3193,7.5
3194,6.3
3195,12.8
3196,4.2
3197,6.7
3198,23.2
3199,1.6
3200,13.6
3201,23.0
3202,9.2
3203,14.5
3204,6.4
3205,16.7
3206,13.6
3207,10.4
3208,7.7
3209,17.4
3210,16.5
3211,6.2
3212,2.4
3213,13.1
3214,11.4
3215,10.5
3216,9.3
3217,16.2
3218,5.1
3219,13.8
3220,14.6
3221,8.6
3222,12.0
3223,8.6
3224,4.3
3225,11.7
3226,11.2
3227,7.0
3228,4.3
3229,12.8
3230,14.2
3231,11.7
3232,31.7
3233,20.6
3234,7.0
3235,12.9
3236,16.7
3237,12.4
3238,6.4
3239,12.4
3240,18.4
3241,14.3
3242,5.2
3243,17.4
3244,12.9
3245,3.5
3246,10.5
3247,8.0
3248,6.5
3249,2.6
3250,6.5
3251,27.0
3252,6.1
3253,9.2
3254,13.9
3255,11.2
3256,17.3
3257,8.4
3258,14.6
3259,19.6
3260,2.1
3261,7.3
3262,9.9
3263,9.7
3264,27.0
3265,25.5
3266,7.8
3267,1.9
3268,14.7
3269,7.5
3270,10.3
3271,9.4
3272,7.9
3273,7.8
3274,12.6
3275,6.5
3276,5.4
3277,35.4
3278,1.2
3279,17.9
3280,6.5
3281,3.2
3282,13.9
3283,7.3
3284,25.9
3285,8.9
3286,7.8
3287,3.6
3288,16.7
3289,1.6
3290,28.5
3291,11.2
3292,14.5
3293,12.8
3294,13.8
3295,20.5
3296,14.3
3297,15.3
3298,12.4
3299,10.2
3300,14.7
3301,1.6
3302,6.3
3303,12.3
3304,45.9
3305,11.2
3306,38.0
3307,18.0
3308,17.4
3309,5.9
3310,6.1
3311,8.8
3312,28.5
3313,12.3
3314,8.8
3315,20.5
3316,17.9
3317,13.8
3318,13.9
3319,38.0
3320,11.4
3321,17.3
3322,20.6
3323,23.0
3324,11.2
3325,8.7
3326,23.8
3327,6.1
3328,12.0
3329,21.3
3330,6.3
3331,4.5
3332,10.5
3333,13.0
3334,5.9
3335,18.0
3336,13.8
3337,7.9
3338,11.2
3339,16.0
3340,14.6
3341,3.0
3342,15.3
3343,9.4
3344,2.5
3345,13.0
3346,20.6
3347,11.2
3348,13.8
3349,4.4
3350,8.9
3351,13.8
3352,15.5
3353,14.7
3354,11.5
3355,38.0
3356,3.5
3357,5.8
3358,11.8
3359,6.3
3360,21.3
3361,14.0
3362,15.5
3363,31.7
3364,8.2
3365,12.4
3366,15.3
3367,6.6
3368,10.1
3369,2.6
3370,12.7
3371,9.0
3372,10.5
3373,17.9
3374,13.8
3375,3.5
3376,14.3
3377,14.5
3378,14.0
3379,11.2
3380,13.0
3381,7.4
3382,6.4
3383,3.5
3384,15.4
3385,21.5
3386,6.1
3387,2.7
3388,13.8
3389,5.2
3390,2.7
3391,2.3
3392,10.3
3393,9.7
3394,12.0
3395,6.4
3396,5.3
3397,6.4
3398,11.2
3399,3.4
3400,7.2
3401,2.4
3402,7.5
3403,8.9
3404,7.0
3405,4.6
3406,8.5
3407,25.5
3408,2.3
3409,12.1
3410,20.6
3411,3.4
3412,16.3
3413,2.4
3414,4.3
3415,23.3
3416,12.1
3417,13.8
3418,20.8
3419,16.7
3420,4.3
3421,16.0
3422,13.0
3423,14.0
3424,13.1
3425,8.4
3426,7.5
3427,4.6
3428,8.2
3429,5.3
3430,3.3
3431,11.2
3432,13.1
3433,9.7
3434,3.3
3435,3.5
3436,7.0
3437,12.1
3438,11.4
3439,4.4
3440,20.5
3441,5.8
3442,20.6
3443,10.2
3444,3.8
3445,16.5
3446,9.9
3447,12.3
3448,5.0
3449,9.4
3450,6.6
3451,8.9
3452,9.4
3453,14.7
3454,6.3
3455,9.2
3456,3.3
3457,13.8
3458,18.0
3459,3.5
3460,11.7
3461,22.2
3462,15.3
3463,12.8
3464,17.2
3465,8.0
3466,16.7
3467,25.9
3468,16.1
3469,13.8
3470,14.0
3471,12.0
3472,9.2
3473,8.2
3474,14.3
3475,3.3
3476,9.2
3477,6.3
3478,9.9
3479,9.2
3480,14.7
3481,7.0
3482,31.7
3483,10.5
3484,8.4
3485,31.7
3486,8.9
3487,2.6
3488,8.0
3489,5.1
3490,5.5
3491,27.2
3492,13.5
3493,11.0
3494,17.2
3495,3.5
3496,12.3
3497,5.3
3498,19.6
3499,7.8
3500,7.2
3501,7.0
3502,15.2
3503,4.5
3504,3.4
3505,2.6
3506,11.5
3507,18.4
3508,3.4
3509,2.1
3510,5.0
3511,14.3
3512,10.4
3513,18.4
3514,1.2
3515,5.4
3516,8.4
3517,2.0
3518,12.1
3519,9.5
3520,7.9
3521,5.3
3522,17.9
3523,7.8
3524,7.8
3525,1.9
3526,14.2
3527,4.5
3528,8.7
3529,13.0
3530,29.8
3531,15.4
3532,8.8
3533,14.0
3534,13.0
3535,3.8
3536,11.4
3537,9.7
3538,8.2
3539,8.7
3540,6.3
3541,13.4
3542,10.5
3543,6.7
3544,21.5
3545,3.3
3546,28.8
3547,14.5
3548,13.9
3549,16.3
3550,2.6
3551,8.0
3552,13.1
3553,13.9
3554,10.5
3555,16.0
3556,10.5
3557,11.2
3558,8.7
3559,10.3
3560,3.8
3561,13.8
3562,17.9
3563,5.3
3564,10.5
3565,7.8
3566,13.8
3567,3.7
3568,10.5
3569,7.5
3570,5.9
3571,7.9
3572,13.5
3573,6.2
3574,38.0
3575,7.7
3576,8.5
3577,14.0
3578,17.2
3579,17.9
3580,20.4
3581,9.3
3582,5.0
3583,8.4
3584,11.2
3585,14.7
3586,7.7
3587,10.5
3588,8.0
3589,6.1
3590,12.4
3591,11.2
3592,12.1
3593,12.1
3594,25.9
3595,7.2
3596,14.0
3597,12.3
3598,8.4
3599,6.4
3600,7.2
3601,6.2
3602,14.7
3603,14.0
3604,21.3
3605,13.9
3606,2.4
3607,14.3
3608,7.2
3609,14.9
3610,11.2
3611,5.9
3612,6.2
3613,7.8
3614,11.8
3615,13.0
3616,8.2
3617,8.4
3618,11.2
3619,13.5
3620,24.7
3621,10.5
3622,7.7
3623,13.1
3624,7.5
3625,13.0
3626,5.1
3627,1.9
3628,11.2
3629,1.6
3630,11.2
3631,11.7
3632,18.0
3633,13.9
3634,10.9
3635,20.8
3636,16.1
3637,8.2
3638,17.4
3639,11.2
3640,20.5
3641,15.2
3642,7.8
3643,17.9
3644,5.2
3645,10.1
3646,18.0
3647,1.8
3648,12.4
3649,10.4
3650,5.3
3651,11.2
3652,6.5
3653,26.5
3654,38.0
3655,6.4
3656,12.7
3657,10.5
3658,6.3
3659,4.3
3660,18.4
3661,13.1
3662,6.7
3663,17.3
3664,16.3
3665,7.8
3666,7.8
3667,5.1
3668,13.0
3669,12.4
3670,2.3
3671,11.4
3672,13.1
3673,4.6
3674,6.7
3675,10.8
3676,20.6
3677,11.7
3678,11.2
3679,4.0
3680,10.5
3681,5.0
3682,7.5
3683,6.5
3684,12.1
3685,2.6
3686,10.5
3687,8.4
3688,2.8
3689,9.5
3690,13.4
3691,7.5
3692,4.3
3693,7.3
3694,3.3
3695,5.4
3696,8.4
3697,11.2
3698,8.8
3699,26.5
3700,7.8
3701,19.6
3702,11.7
3703,17.5
3704,8.1
3705,8.8
3706,4.5
3707,8.4
3708,9.4
3709,8.4
3710,13.0
3711,17.2
3712,7.7
3713,24.7
3714,14.7
3715,14.7
3716,2.0
3717,4.5
3718,15.5
3719,11.2
3720,2.5
3721,16.7
3722,11.2
3723,11.2
3724,8.0
3725,27.0
3726,14.6
3727,11.8
3728,20.4
3729,5.3
3730,16.5
3731,6.4
3732,6.3
3733,13.0
3734,7.0
3735,14.7
3736,2.8
3737,9.7
3738,3.5
3739,13.8
3740,4.5
3741,6.2
3742,5.9
3743,12.0
3744,11.2
3745,6.7
3746,3.0
3747,13.0
3748,13.0
3749,11.2
3750,13.8
3751,11.1
3752,7.8
3753,21.8
3754,6.2
3755,10.5
3756,1.8
3757,3.4
3758,14.5
3759,19.9
3760,8.4
3761,27.0
3762,12.1
3763,16.7
3764,3.5
3765,11.2
3766,22.2
3767,10.5
3768,17.5
3769,14.2
3770,6.8
3771,11.1
3772,7.5
3773,5.4
3774,4.3
3775,4.6
3776,2.1
3777,9.2
3778,6.1
3779,12.0
3780,16.1
3781,4.6
3782,10.9
3783,13.9
3784,13.0
3785,6.6
3786,16.1
3787,2.0
3788,10.5
3789,4.3
3790,13.8
3791,10.1
3792,17.2
3793,13.5
3794,4.4
3795,31.7
3796,5.8
3797,15.4
3798,1.2
3799,7.3
3800,16.1
3801,8.0
3802,13.0
3803,13.8
3804,5.3
3805,5.5
3806,0.7
3807,22.2
3808,18.4
3809,5.2
3810,7.5
3811,8.4
3812,20.6
3813,1.6
3814,13.8
3815,2.6
3816,5.3
3817,13.8
3818,31.7
3819,13.7
3820,8.4
3821,16.3
3822,11.2
3823,2.6
3824,12.6
3825,6.4
3826,5.5
3827,11.2
3828,9.2
3829,16.7
3830,9.1
3831,10.5
3832,13.5
3833,8.8
3834,20.6
3835,8.8
3836,6.1
3837,7.7
3838,3.3
3839,18.0
3840,8.7
3841,5.3
3842,4.6
3843,14.7
3844,11.0
3845,14.3
3846,11.2
3847,13.8
3848,13.8
3849,16.1
3850,10.7
3851,2.5
3852,28.5
3853,11.2
3854,7.0
3855,7.8
3856,4.2
3857,7.9
3858,5.1
3859,6.4
3860,10.8
3861,13.8
3862,9.7
3863,6.4
3864,11.2
3865,32.3
3866,11.2
3867,8.7
3868,15.4
3869,3.3
3870,13.8
3871,2.5
3872,0.7
3873,12.1
3874,8.8
3875,7.8
3876,1.6
3877,13.0
3878,8.8
3879,11.2
3880,31.7
3881,3.4
3882,10.5
3883,17.3
3884,13.8
3885,13.4
3886,5.1
3887,10.4
3888,23.0
3889,12.3
3890,11.2
3891,14.3
3892,12.3
3893,5.4
3894,6.4
3895,14.6
3896,27.1
3897,4.6
3898,14.6
3899,16.0
3900,3.8
3901,10.7
3902,7.3
3903,11.4
3904,13.0
3905,6.9
3906,4.3
3907,6.8
3908,2.6
3909,8.8
3910,11.4
3911,7.7
3912,19.9
3913,11.2
3914,18.0
3915,7.7
3916,13.0
3917,1.8
3918,16.7
3919,7.3
3920,5.9
3921,8.0
3922,8.8
3923,3.0
3924,2.8
3925,1.6
3926,13.8
3927,7.3
3928,11.5
3929,7.2
3930,16.3
3931,7.7
3932,7.8
3933,11.2
3934,6.7
3935,7.8
3936,14.0
3937,7.0
3938,7.7
3939,13.1
3940,17.9
3941,14.2
3942,12.1
3943,27.0
3944,15.4
3945,4.1
3946,11.0
3947,8.4
3948,18.0
3949,10.3
3950,5.3
3951,8.0
3952,7.9
3953,6.2
3954,8.8
3955,38.0
3956,7.0
3957,12.0
3958,11.4
3959,11.5
3960,8.5
3961,2.6
3962,9.2
3963,4.6
3964,20.0
3965,7.5
3966,6.7
3967,11.4
3968,5.5
3969,8.8
3970,14.7
3971,2.8
3972,5.2
3973,11.4
3974,9.2
3975,18.4
3976,5.2
3977,5.5
3978,14.5
3979,7.8
3980,11.2
3981,6.5
3982,10.9
3983,9.2
3984,11.2
3985,7.8
3986,13.0
3987,10.7
3988,13.8
3989,17.4
3990,3.8
3991,5.0
3992,7.7
3993,24.8
3994,12.8
3995,2.1
3996,4.6
3997,15.5
3998,7.0
3999,11.4
4000,6.2
4001,10.7
4002,11.2
4003,13.8
4004,12.0
4005,7.9
4006,31.7
4007,6.3
4008,14.0
4009,7.0
4010,9.2
4011,18.0
4012,5.7
4013,13.3
4014,3.3
4015,20.6
4016,5.4
4017,13.0
4018,9.2
4019,12.0
4020,2.0
4021,8.0
4022,1.9
4023,10.2
4024,7.9
4025,7.7
4026,11.2
4027,15.2
4028,12.9
4029,8.5
4030,14.7
4031,3.4
4032,8.5
4033,9.2
4034,11.2
4035,7.9
4036,7.5
4037,8.6
4038,10.5
4039,3.2
4040,13.8
4041,14.8
4042,31.7
4043,9.1
4044,6.8
4045,13.4
4046,31.7
4047,2.6
4048,18.4
4049,12.4
4050,7.7
4051,18.4
4052,17.9
4053,14.7
4054,2.4
4055,20.6
4056,13.5
4057,6.2
4058,14.0
4059,5.4
4060,11.2
4061,11.2
4062,14.7
4063,5.5
4064,23.3
4065,11.4
4066,10.4
4067,5.5
4068,13.8
4069,2.4
4070,11.2
4071,11.2
4072,16.2
4073,4.6
4074,3.4
4075,9.8
4076,6.7
4077,10.6
4078,12.1
4079,19.6
4080,5.2
4081,12.1
4082,4.6
4083,11.7
4084,6.4
4085,24.7
4086,5.2
4087,6.4
4088,27.2
4089,9.7
4090,5.5
4091,12.4
4092,2.6
4093,7.7
4094,2.4
4095,18.8
4096,16.3
4097,5.2
4098,6.1
4099,11.2
4100,8.4
4101,10.5
4102,8.9
4103,1.5
4104,7.8
4105,16.7
4106,6.3
4107,11.4
4108,17.3
4109,4.0
4110,3.3
4111,17.9
4112,10.5
4113,17.2
4114,12.0
4115,10.3
4116,11.2
4117,16.7
4118,12.1
4119,16.3
4120,10.1
4121,6.4
4122,9.7
4123,16.1
4124,12.1
4125,5.0
4126,11.4
4127,1.6
4128,47.4
4129,7.5
4130,15.5
4131,14.9
4132,12.8
4133,10.6
4134,14.5
4135,25.9
4136,12.0
4137,7.9
4138,5.5
4139,14.5
4140,27.0
4141,16.7
4142,5.6
4143,9.2
4144,2.7
4145,14.5
4146,11.2
4147,3.6
4148,13.6
4149,9.7
4150,7.0
4151,6.4
4152,6.8
4153,1.9
4154,6.2
4155,11.2
4156,11.2
4157,34.7
4158,15.3
4159,5.9
4160,6.3
4161,13.9
4162,1.6
4163,10.5
4164,8.7
4165,14.2
4166,5.2
4167,5.9
4168,5.1
4169,16.1
4170,20.1
4171,5.9
4172,10.7
4173,21.5
4174,25.9
4175,10.5
4176,6.2
4177,5.2
4178,13.5
4179,23.0
4180,13.8
4181,5.2
4182,14.0
4183,12.4
4184,16.7
4185,6.1
4186,31.7
4187,19.6
4188,31.7
4189,8.7
4190,7.8
4191,17.9
4192,17.9
4193,12.3
4194,8.0
4195,1.9
4196,8.4
4197,9.7
4198,9.9
4199,7.5
4200,7.8
4201,8.4
4202,14.0
4203,2.8
4204,5.1
4205,13.9
4206,19.9
4207,16.3
4208,16.7
4209,7.2
4210,11.2
4211,7.5
4212,6.9
4213,14.3
4214,9.2
4215,11.4
4216,14.0
4217,6.6
4218,14.5
4219,17.4
4220,2.5
4221,7.3
4222,10.7
4223,3.8
4224,11.2
4225,8.5
4226,6.2
4227,22.7
4228,14.8
4229,6.4
4230,5.9
4231,5.1
4232,8.8
4233,11.2
4234,11.2
4235,8.2
4236,7.0
4237,6.2
4238,6.4
4239,9.7
4240,14.7
4241,13.1
4242,14.8
4243,5.0
4244,5.2
4245,4.3
4246,15.4
4247,3.6
4248,12.3
4249,13.8
4250,20.6
4251,18.0
4252,13.1
4253,10.8
4254,9.2
4255,13.5
4256,8.5
4257,1.8
4258,18.0
4259,11.8
4260,6.4
4261,7.5
4262,11.2
4263,20.0
4264,8.8
4265,20.8
4266,22.2
4267,6.3
4268,18.8
4269,4.5
4270,9.2
4271,17.9
4272,15.4
4273,19.6
4274,8.2
4275,5.2
4276,11.2
4277,11.2
4278,17.9
4279,3.8
4280,11.2
4281,10.6
4282,4.3
4283,7.8
4284,20.5
4285,0.0
4286,4.4
4287,13.3
4288,2.1
4289,4.6
4290,5.1
4291,14.5
4292,17.9
4293,12.2
4294,5.3
4295,19.6
4296,12.1
4297,4.5
4298,10.2
4299,38.0
4300,9.4
4301,2.6
4302,47.3
4303,6.8
4304,19.6
4305,13.6
4306,3.8
4307,14.2
4308,9.4
4309,8.2
4310,6.9
4311,5.3
4312,21.8
4313,16.7
4314,14.3
4315,8.5
4316,5.9
4317,1.8
4318,10.2
4319,7.8
4320,5.2
4321,4.3
4322,25.5
4323,8.8
4324,7.2
4325,14.7
4326,31.7
4327,12.6
4328,5.2
4329,3.5
4330,12.7
4331,10.8
4332,13.8
4333,25.0
4334,13.8
4335,16.1
4336,13.8
4337,2.8
4338,8.9
4339,8.7
4340,11.2
4341,21.5
4342,4.6
4343,4.5
4344,18.0
4345,6.1
4346,4.3
4347,11.2
4348,2.6
4349,5.9
4350,2.4
4351,9.7
4352,11.8
4353,17.2
4354,4.5
4355,9.7
4356,7.3
4357,18.0
4358,2.4
4359,5.2
4360,5.3
4361,21.5
4362,2.4
4363,14.0
4364,13.6
4365,11.4
4366,4.5
4367,16.0
4368,5.3
4369,10.5
4370,23.0
4371,7.9
4372,11.4
4373,6.3
4374,8.7
4375,6.3
4376,17.9
4377,4.6
4378,27.2
4379,26.5
4380,9.7
4381,14.0
4382,6.3
4383,34.9
4384,11.2
4385,8.4
4386,5.2
4387,29.8
4388,13.9
4389,11.4
4390,6.3
4391,9.2
4392,2.6
4393,25.2
4394,7.0
4395,10.5
4396,7.8
4397,8.4
4398,23.5
4399,8.5
4400,6.2
4401,11.2
4402,4.3
4403,4.5
4404,14.2
4405,20.6
4406,17.9
4407,5.5
4408,13.1
4409,7.7
4410,5.1
4411,12.4
4412,14.0
4413,9.9
4414,7.5
4415,8.8
4416,16.1
4417,16.1
4418,10.7
4419,7.5
4420,31.7
4421,10.5
4422,17.4
4423,4.3
4424,14.7
4425,0.0
4426,8.0
4427,10.5
4428,16.1
4429,20.5
4430,2.6
4431,31.7
4432,4.6
4433,9.7
4434,3.3
4435,2.6
4436,12.6
4437,7.0
4438,7.5
4439,8.7
4440,18.4
4441,7.8
4442,3.6
4443,12.8
4444,9.7
4445,2.5
4446,2.5
4447,14.0
4448,10.5
4449,11.2
4450,13.4
4451,9.0
4452,10.2
4453,11.4
4454,9.0
4455,11.0
4456,14.0
4457,10.4
4458,13.0
4459,5.3
4460,16.1
4461,16.0
4462,6.9
4463,12.4
4464,3.5
4465,4.4
4466,12.3
4467,5.2
4468,44.2
4469,10.7
4470,5.1
4471,12.8
4472,20.5
4473,9.2
4474,9.4
4475,20.6
4476,5.3
4477,6.3
4478,13.0
4479,13.0
4480,8.8
4481,5.2
4482,7.4
4483,11.7
4484,2.6
4485,28.8
4486,2.7
4487,8.0
4488,10.4
4489,12.3
4490,3.8
4491,27.2
4492,9.9
4493,20.6
4494,9.4
4495,34.7
4496,12.4
4497,5.7
4498,8.7
4499,11.5
4500,3.5
4501,18.0
4502,14.2
4503,11.2
4504,13.8
4505,10.2
4506,12.2
4507,6.2
4508,13.9
4509,14.8
4510,5.9
4511,6.4
4512,35.4
4513,15.5
4514,15.4
4515,2.1
4516,6.7
4517,2.4
4518,6.3
4519,5.2
4520,7.5
4521,6.4
4522,9.7
4523,2.7
4524,20.6
4525,0.0
4526,26.5
4527,13.1
4528,8.2
4529,9.8
4530,17.9
4531,14.3
4532,6.3
4533,13.9
4534,16.7
4535,5.4
4536,4.5
4537,10.7
4538,8.9
4539,21.8
4540,9.2
4541,12.6
4542,29.8
4543,22.2
4544,4.0
4545,18.4
4546,17.3
4547,1.8
4548,13.5
4549,7.8
4550,20.6
4551,12.0
4552,13.8
4553,19.9
4554,6.4
4555,12.8
4556,20.5
4557,6.5
4558,14.7
4559,15.5
4560,6.3
4561,4.3
4562,16.1
4563,9.4
4564,21.5
4565,9.9
4566,13.0
4567,8.2
4568,17.9
4569,25.0
4570,14.5
4571,22.2
4572,5.3
4573,5.3
4574,8.4
4575,5.9
4576,11.0
4577,1.6
4578,10.5
4579,12.7
4580,9.2
4581,11.2
4582,19.6
4583,13.8
4584,7.8
4585,7.0
4586,6.1
4587,8.0
4588,8.8
4589,11.5
4590,11.2
4591,9.2
4592,2.6
4593,8.7
4594,15.5
4595,12.0
4596,9.2
4597,8.7
4598,5.6
4599,4.6
4600,5.4
4601,4.3
4602,23.0
4603,3.8
4604,13.4
4605,4.0
4606,1.6
4607,4.3
4608,10.1
4609,11.4
4610,5.6
4611,14.2
4612,23.0
4613,25.5
4614,9.3
4615,9.7
4616,25.2
4617,5.2
4618,3.5
4619,9.3
4620,11.2
4621,18.4
4622,5.4
4623,10.3
4624,5.4
4625,12.9
4626,27.0
4627,2.1
4628,9.1
4629,12.0
4630,6.7
4631,10.3
4632,15.5
4633,3.5
4634,5.4
4635,10.5
4636,3.5
4637,11.2
4638,3.6
4639,26.5
4640,6.9
4641,9.2
4642,11.8
4643,15.5
4644,14.7
4645,14.0
4646,18.4
4647,6.2
4648,11.8
4649,11.2
4650,7.5
4651,2.5
4652,13.9
4653,5.5
4654,8.8
4655,14.7
4656,2.6
4657,12.4
4658,9.7
4659,10.1
4660,20.6
4661,17.2
4662,12.2
4663,8.4
4664,14.0
4665,24.7
4666,11.7
4667,13.8
4668,5.6
4669,5.2
4670,11.7
4671,18.8
4672,3.5
4673,11.7
4674,7.4
4675,9.2
4676,17.9
4677,15.5
4678,11.4
4679,13.9
4680,3.5
4681,6.3
4682,3.3
4683,7.5
4684,13.8
4685,7.8
4686,7.8
4687,38.0
4688,0.0
4689,27.0
4690,12.8
4691,15.2
4692,12.7
4693,17.9
4694,10.3
4695,6.2
4696,1.2
4697,5.1
4698,16.1
4699,13.9
4700,25.2
4701,5.2
4702,7.5
4703,11.4
4704,7.9
4705,13.8
4706,9.2
4707,10.5
4708,5.1
4709,7.8
4710,6.2
4711,24.8
4712,6.3
4713,8.0
4714,11.4
4715,11.2
4716,13.9
4717,8.4
4718,2.3
4719,18.0
4720,31.2
4721,13.3
4722,13.5
4723,15.5
4724,2.7
4725,5.0
4726,8.4
4727,12.1
4728,10.5
4729,6.9
4730,13.8
4731,12.7
4732,5.9
4733,6.7
4734,8.2
4735,13.9
4736,5.2
4737,5.9
4738,15.5
4739,9.7
4740,6.3
4741,8.8
4742,4.6
4743,7.5
4744,7.8
4745,38.0
4746,8.0
4747,14.8
4748,7.0
4749,9.9
4750,4.6
4751,8.2
4752,3.3
4753,12.3
4754,11.2
4755,6.4
4756,4.5
4757,23.0
4758,8.5
4759,8.4
4760,2.6
4761,9.7
4762,5.6
4763,10.4
4764,10.3
4765,14.0
4766,10.5
4767,7.3
4768,7.2
4769,14.0
4770,20.4
4771,4.5
4772,17.3
4773,7.0
4774,8.8
4775,10.4
4776,6.1
4777,8.0
4778,21.5
4779,13.8
4780,13.1
4781,6.3
4782,5.3
4783,11.2
4784,12.4
4785,18.0
4786,6.1
4787,3.4
4788,29.8
4789,11.7
4790,10.5
4791,13.9
4792,8.4
4793,6.3
4794,3.4
4795,2.4
4796,10.5
4797,6.5
4798,21.3
4799,18.4
4800,13.5
4801,17.5
4802,6.4
4803,6.4
4804,12.1
4805,3.6
4806,13.9
4807,27.0
4808,2.1
4809,4.6
4810,6.3
4811,14.0
4812,8.4
4813,12.4
4814,10.3
4815,6.1
4816,9.2
4817,11.8
4818,5.2
4819,19.6
4820,2.6
4821,8.2
4822,14.8
4823,14.6
4824,13.0
4825,23.5
4826,13.1
4827,11.2
4828,19.6
4829,24.8
4830,3.6
4831,8.9
4832,16.1
4833,4.5
4834,11.7
4835,1.8
4836,6.8
4837,5.0
4838,11.2
4839,12.4
4840,2.6
4841,11.2
4842,13.4
4843,2.6
4844,8.8
4845,14.8
4846,8.5
4847,7.8
4848,8.4
4849,5.3
4850,11.2
4851,5.3
4852,11.4
4853,13.7
4854,13.9
4855,14.0
4856,13.9
4857,16.1
4858,6.9
4859,12.4
4860,6.5
4861,16.7
4862,4.2
4863,11.2
4864,12.7
4865,7.7
4866,12.0
4867,12.0
4868,13.8
4869,7.9
4870,14.2
4871,5.9
4872,18.0
4873,2.4
4874,6.4
4875,13.7
4876,7.7
4877,9.2
4878,10.7
4879,8.9
4880,5.3
4881,3.4
4882,4.2
4883,31.2
4884,6.4
4885,8.4
4886,8.0
4887,3.5
4888,6.5
4889,14.2
4890,10.4
4891,14.5
4892,12.0
4893,13.1
4894,3.8
4895,10.2
4896,13.1
4897,5.2
4898,15.5
4899,18.4
4900,8.4
4901,14.7
4902,5.3
4903,3.3
4904,13.7
4905,12.8
4906,11.7
4907,11.2
4908,11.1
4909,26.5
4910,13.5
4911,10.7
4912,4.1
4913,20.8
4914,10.7
4915,31.7
4916,8.4
4917,15.4
4918,23.0
4919,17.5
4920,13.9
4921,23.0
4922,8.4
4923,8.8
4924,13.3
4925,8.9
4926,7.5
4927,7.5
4928,11.7
4929,7.9
4930,9.2
4931,15.5
4932,4.6
4933,9.8
4934,5.7
4935,12.8
4936,25.5
4937,9.4
4938,5.9
4939,7.4
4940,14.3
4941,7.5
4942,17.3
4943,13.9
4944,9.7
4945,35.2
4946,13.1
4947,14.7
4948,8.7
4949,4.5
4950,3.1
4951,11.4
4952,8.9
4953,15.5
4954,4.3
4955,7.8
4956,17.5
4957,6.1
4958,1.6
4959,23.2
4960,1.6
4961,12.8
4962,25.9
4963,12.4
4964,13.4
4965,12.0
4966,13.9
4967,9.7
4968,4.5
4969,10.5
4970,38.0
4971,8.4
4972,7.3
4973,11.2
4974,4.6
4975,13.7
4976,20.6
4977,8.5
4978,13.8
4979,6.4
4980,5.3
4981,5.3
4982,20.0
4983,29.8
4984,2.1
4985,6.4
4986,6.7
4987,22.2
4988,11.4
4989,16.3
4990,25.9
4991,15.5
4992,7.8
4993,2.1
4994,15.4
4995,9.9
4996,10.1
4997,5.1
4998,10.8
4999,2.0
5000,8.9
5001,11.2
5002,11.4
5003,3.5
5004,13.9
5005,13.7
5006,10.6
5007,7.8
5008,11.2
5009,11.8
5010,14.0
5011,2.6
5012,2.7
5013,6.2
5014,23.5
5015,27.0
5016,7.8
5017,6.8
5018,7.0
5019,16.2
5020,11.5
5021,6.7
5022,27.0
5023,9.2
5024,25.9
5025,8.0
5026,6.4
5027,16.0
5028,8.2
5029,6.3
5030,12.4
5031,5.9
5032,14.0
5033,17.9
5034,16.2
5035,10.2
5036,9.9
5037,18.0
5038,14.0
5039,7.2
5040,6.6
5041,2.4
5042,16.1
5043,11.4
5044,8.2
5045,7.8
5046,18.4
5047,25.9
5048,11.2
5049,4.6
5050,6.7
5051,4.1
5052,11.2
5053,21.3
5054,14.5
5055,13.8
5056,13.9
5057,10.1
5058,9.2
5059,9.0
5060,17.2
5061,31.7
5062,8.7
5063,25.0
5064,18.8
5065,3.4
5066,27.0
5067,6.1
5068,7.5
5069,8.8
5070,27.0
5071,13.6
5072,16.7
5073,11.4
5074,13.9
5075,6.2
5076,20.6
5077,12.6
5078,6.3
5079,11.2
5080,1.8
5081,7.3
5082,6.6
5083,8.4
5084,11.2
5085,8.9
5086,13.5
5087,2.6
5088,9.2
5089,4.5
5090,4.6
5091,6.7
5092,3.8
5093,7.8
5094,15.5
5095,16.5
5096,5.8
5097,6.1
5098,16.2
5099,7.0
5100,1.8
5101,9.2
5102,13.9
5103,12.4
5104,13.8
5105,0.0
5106,6.4
5107,4.6
5108,18.0
5109,6.4
5110,3.6
5111,12.0
5112,4.6
5113,5.9
5114,12.6
5115,9.2
5116,8.6
5117,23.0
5118,5.5
5119,11.4
5120,23.2
5121,16.0
5122,4.6
5123,3.4
5124,35.2
5125,17.4
5126,7.5
5127,1.3
5128,10.5
5129,7.3
5130,5.3
5131,16.0
5132,38.0
5133,7.2
5134,13.0
5135,18.0
5136,3.5
5137,5.3
5138,13.8
5139,12.0
5140,18.4
5141,9.7
5142,14.7
5143,7.5
5144,10.2
5145,6.3
5146,7.3
5147,11.0
5148,5.3
5149,25.9
5150,5.7
5151,10.5
5152,17.9
5153,13.8
5154,11.8
5155,10.4
5156,7.5
5157,11.7
5158,2.4
5159,13.8
5160,2.6
5161,18.0
5162,10.5
5163,8.5
5164,12.4
5165,11.2
5166,3.5
5167,5.4
5168,9.7
5169,11.8
5170,10.5
5171,8.0
5172,12.9
5173,8.4
5174,8.4
5175,12.8
5176,6.9
5177,1.2
5178,16.0
5179,35.4
5180,12.6
5181,5.2
5182,10.4
5183,11.8
5184,17.9
5185,5.4
5186,12.0
5187,9.9
5188,3.3
5189,3.4
5190,1.9
5191,8.1
5192,11.2
5193,10.1
5194,20.0
5195,12.1
5196,16.1
5197,13.0
5198,13.0
5199,13.7
5200,13.0
5201,13.9
5202,28.5
5203,10.5
5204,7.5
5205,8.8
5206,9.9
5207,8.2
5208,27.0
5209,9.2
5210,3.3
5211,17.9
5212,2.8
5213,14.7
5214,24.8
5215,5.0
5216,7.4
5217,11.8
5218,13.5
5219,14.5
5220,13.0
5221,9.0
5222,6.4
5223,18.8
5224,31.7
5225,7.5
5226,13.0
5227,20.0
5228,14.0
5229,9.2
5230,22.2
5231,17.2
5232,6.1
5233,12.3
5234,7.8
5235,17.3
5236,3.5
5237,7.8
5238,9.1
5239,9.7
5240,11.4
5241,9.5
5242,5.6
5243,19.9
5244,5.3
5245,12.6
5246,5.9
5247,10.5
5248,6.3
5249,9.9
5250,6.4
5251,5.2
5252,15.3
5253,3.5
5254,47.3
5255,12.4
5256,11.2
5257,3.5
5258,10.5
5259,14.7
5260,11.2
5261,8.4
5262,4.3
5263,16.1
5264,3.0
5265,12.0
5266,19.6
5267,6.7
5268,10.5
5269,4.2
5270,28.8
5271,25.9
5272,14.7
5273,4.6
5274,5.1
5275,17.4
5276,7.8
5277,13.9
5278,11.0
5279,14.6
5280,14.8
5281,20.6
5282,6.4
5283,13.8
5284,25.5
5285,4.3
5286,10.3
5287,14.7
5288,21.5
5289,10.3
5290,14.7
5291,2.1
5292,14.7
5293,10.1
5294,10.3
5295,6.4
5296,26.5
5297,7.7
5298,10.5
5299,14.3
5300,7.5
5301,18.4
5302,11.2
5303,14.2
5304,8.4
5305,7.8
5306,8.0
5307,4.6
5308,8.7
5309,5.3
5310,12.8
5311,11.4
5312,17.9
5313,11.7
5314,10.7
5315,10.8
5316,13.9
5317,8.7
5318,5.8
5319,11.1
5320,12.0
5321,23.5
5322,6.4
5323,18.0
5324,7.2
5325,7.2
5326,11.2
5327,7.8
5328,12.0
5329,17.6
5330,16.1
5331,3.3
5332,5.3
5333,20.8
5334,12.4
5335,7.8
5336,14.7
5337,18.7
5338,13.5
5339,10.3
5340,18.0
5341,10.3
5342,1.6
5343,11.2
5344,10.1
5345,8.9
5346,11.2
5347,15.2
5348,9.5
5349,11.2
5350,6.3
5351,5.3
5352,20.6
5353,3.8
5354,5.9
5355,8.2
5356,12.4
5357,3.5
5358,7.7
5359,2.7
5360,6.1
5361,13.9
5362,8.4
5363,5.3
5364,14.2
5365,5.1
5366,17.3
5367,5.9
5368,18.4
5369,16.6
5370,11.2
5371,8.0
5372,11.5
5373,10.1
5374,5.4
5375,9.2
5376,2.7
5377,29.8
5378,4.4
5379,0.7
5380,16.5
5381,13.4
5382,8.0
5383,12.6
5384,18.4
5385,2.1
5386,13.4
5387,14.0
5388,21.5
5389,11.2
5390,9.7
5391,5.8
5392,9.9
5393,14.2
5394,2.6
5395,18.0
5396,6.8
5397,8.0
5398,19.9
5399,7.8
5400,9.2
5401,9.1
5402,16.2
5403,2.0
5404,7.8
5405,23.0
5406,10.5
5407,34.7
5408,8.0
5409,13.5
5410,16.3
5411,13.3
5412,17.9
5413,2.7
5414,5.9
5415,14.7
5416,9.0
5417,3.6
5418,14.7
5419,13.1
5420,13.4
5421,11.0
5422,13.9
5423,8.2
5424,24.7
5425,11.2
5426,10.8
5427,13.0
5428,8.4
5429,1.8
5430,7.9
5431,15.5
5432,15.3
5433,8.2
5434,5.9
5435,17.3
5436,8.4
5437,9.5
5438,11.2
5439,4.1
5440,24.7
5441,10.9
5442,12.0
5443,2.7
5444,17.9
5445,14.3
5446,8.6
5447,11.2
5448,13.8
5449,5.6
